epoch,w_hard,w_ord_neg,w_pos,expected_hard_fraction,expected_pos_fraction,expected_ord_fraction,hard_to_ordinary_per_tile_weight_ratio,hard_weight_relative_to_exp02b1
1,2.250000,0.7500,1.0000,0.262479,0.369451,0.368070,3.000000,1.000000
2,2.245603,0.7500,1.0000,0.262100,0.369641,0.368259,2.994138,0.998046
3,2.232465,0.7500,1.0000,0.260967,0.370208,0.368825,2.976621,0.992207
4,2.210740,0.7500,1.0000,0.259086,0.371151,0.369764,2.947653,0.982551
5,2.180682,0.7500,1.0000,0.256466,0.372463,0.371071,2.907575,0.969192
6,2.142643,0.7500,1.0000,0.253125,0.374137,0.372738,2.856857,0.952286
7,2.097070,0.7500,1.0000,0.249082,0.376162,0.374756,2.796093,0.932031
8,2.044497,0.7500,1.0000,0.244364,0.378526,0.377111,2.725995,0.908665
9,1.985540,0.7500,1.0000,0.239001,0.381212,0.379787,2.647386,0.882462
10,1.920890,0.7500,1.0000,0.233033,0.384202,0.382766,2.561187,0.853729
11,1.851306,0.7500,1.0000,0.226503,0.387473,0.386024,2.468408,0.822803
12,1.777604,0.7500,1.0000,0.219465,0.390998,0.389537,2.370138,0.790046
13,1.700646,0.7500,1.0000,0.211978,0.394749,0.393273,2.267528,0.755843
14,1.621336,0.7500,1.0000,0.204110,0.398690,0.397200,2.161782,0.720594
15,1.540604,0.7500,1.0000,0.195938,0.402784,0.401278,2.054139,0.684713
16,1.459396,0.7500,1.0000,0.187547,0.406987,0.405466,1.945861,0.648620
17,1.378664,0.7500,1.0000,0.179029,0.411254,0.409717,1.838218,0.612739
18,1.299354,0.7500,1.0000,0.170486,0.415534,0.413980,1.732472,0.577491
19,1.222396,0.7500,1.0000,0.162025,0.419772,0.418203,1.629862,0.543287
20,1.148694,0.7500,1.0000,0.153758,0.423914,0.422329,1.531592,0.510531
21,1.079110,0.7500,1.0000,0.145801,0.427899,0.426300,1.438813,0.479604
22,1.014460,0.7500,1.0000,0.138274,0.431670,0.430056,1.352614,0.450871
23,0.955503,0.7500,1.0000,0.131293,0.435167,0.433540,1.274005,0.424668
24,0.902930,0.7500,1.0000,0.124972,0.438333,0.436695,1.203907,0.401302
25,0.857357,0.7500,1.0000,0.119418,0.441116,0.439467,1.143143,0.381048
26,0.819318,0.7500,1.0000,0.114727,0.443465,0.441807,1.092425,0.364142
27,0.789260,0.7500,1.0000,0.110986,0.445340,0.443675,1.052347,0.350782
28,0.767535,0.7500,1.0000,0.108261,0.446704,0.445035,1.023379,0.341126
29,0.754397,0.7500,1.0000,0.106606,0.447534,0.445861,1.005862,0.335287
30,0.750000,0.7500,1.0000,0.106050,0.447812,0.446138,1.000000,0.333333
