epoch,train_loss,val_loss,val_iou,val_dice,val_precision,val_recall,val_neg_fa_rate_pct,val_neg_extensive_fa_rate_pct,val_neg_fp_fraction,is_pareto_efficient,pareto_2d_fa_recall,pareto_2d_fa_iou,dominated_by_epochs
1,0.60887,0.53501,0.67815,0.80821,0.78402,0.83395,100.0,1.5873,0.001156,False,False,False,"2,3"
2,0.48382,0.45098,0.67872,0.80862,0.76108,0.86249,6.2945,1.4231,0.00043,True,True,False,
3,0.42694,0.40731,0.73054,0.84429,0.82325,0.86643,8.2649,1.3136,0.000306,True,True,True,
4,0.40099,0.39268,0.72957,0.84364,0.87503,0.81443,6.8418,1.3684,0.000296,True,False,True,
5,0.39108,0.38629,0.71828,0.83605,0.86436,0.80953,10.6185,1.2589,0.000537,False,False,False,"3,4"
6,0.38165,0.38428,0.71723,0.83533,0.87976,0.79518,7.8818,0.8758,0.000187,False,False,False,4
7,0.31357,0.21893,0.64027,0.78069,0.7562,0.80682,7.6081,1.7515,0.002908,False,False,False,"2,4"
8,0.19215,0.11716,0.64911,0.78722,0.91558,0.69043,2.9009,0.6568,0.000254,False,False,False,"9,10,11,13,14,15,16,17,18,19,20,21,22,23,24,25,26,27,28,29,30"
9,0.14325,0.10963,0.68589,0.81368,0.85052,0.7799,0.4926,0.4379,0.000482,False,False,False,29
10,0.13456,0.10614,0.66571,0.79931,0.90005,0.71886,0.4379,0.3284,0.000127,False,False,False,"14,17,19,21,22,23,24,25,26,27,28,29,30"
11,0.12066,0.10335,0.6575,0.79336,0.91071,0.7028,0.2737,0.2189,0.000132,False,False,False,"21,25"
12,0.1183,0.12242,0.63321,0.77542,0.88226,0.69165,0.2737,0.1642,0.000193,False,False,False,"11,16,21,25"
13,0.11128,0.09148,0.66843,0.80127,0.9139,0.71336,0.8758,0.4379,0.000151,False,False,False,"9,14,17,19,20,21,22,23,24,25,26,27,28,29,30"
14,0.10557,0.09788,0.68095,0.8102,0.89053,0.74316,0.4379,0.4379,0.000376,False,False,False,"17,19,21,22,24,26,27,28,29,30"
15,0.10134,0.08481,0.71067,0.83087,0.89165,0.77784,1.04,0.4926,0.000141,False,False,False,"20,29"
16,0.09927,0.10168,0.65543,0.79185,0.83811,0.75043,0.2737,0.2189,0.000154,True,True,False,
17,0.09762,0.08663,0.70817,0.82915,0.88581,0.77931,0.3284,0.2189,7.4e-05,True,True,False,
18,0.09407,0.09415,0.65381,0.79067,0.91823,0.69423,0.3831,0.2189,5.5e-05,False,False,False,"11,16,17,19,21,22,24,25,26,27,28,30"
19,0.09242,0.08883,0.69452,0.81973,0.88681,0.76208,0.3831,0.2189,7.4e-05,False,False,False,"17,27,28,30"
20,0.08832,0.08247,0.71219,0.8319,0.89289,0.77872,0.4926,0.3831,0.000149,False,False,False,29
21,0.08836,0.0939,0.68811,0.81524,0.89773,0.74664,0.2737,0.1642,6.9e-05,True,False,True,
22,0.0871,0.0876,0.6969,0.82138,0.89944,0.75578,0.3831,0.3284,0.000123,False,False,False,"17,24,27,28,30"
23,0.08783,0.09085,0.69333,0.81889,0.91991,0.73787,0.4379,0.2737,5.8e-05,False,False,False,"17,19,22,24,26,27,28,29,30"
24,0.08358,0.08122,0.70347,0.82593,0.9041,0.7602,0.3284,0.2189,6e-05,False,False,False,"17,27,28"
25,0.08646,0.09149,0.68302,0.81166,0.92598,0.72246,0.2737,0.1642,4.6e-05,False,False,False,21
26,0.07919,0.08574,0.7034,0.82588,0.91362,0.75351,0.3284,0.2189,2.8e-05,False,False,False,"17,24,27,28"
27,0.08082,0.08465,0.71173,0.83159,0.90516,0.76909,0.3284,0.2189,2.6e-05,True,False,True,
28,0.08302,0.08254,0.70971,0.83021,0.90291,0.76835,0.3284,0.2737,6.5e-05,False,False,False,27
29,0.07986,0.08078,0.71579,0.83435,0.89205,0.78367,0.4379,0.2737,0.000213,True,True,True,
30,0.08045,0.08134,0.71241,0.83206,0.90179,0.77234,0.3831,0.2189,6.2e-05,True,False,True,
