epoch,w_hard,w_ord_neg,w_pos,expected_p_hard_pct,expected_p_pos_pct,expected_p_ord_pct,hard_to_ord_ratio
1,2.250000,0.75,1.00,26.2479,36.9451,36.8070,3.0000
2,2.245603,0.75,1.00,26.2100,36.9641,36.8259,2.9941
3,2.232465,0.75,1.00,26.0967,37.0208,36.8825,2.9766
4,2.210740,0.75,1.00,25.9086,37.1151,36.9764,2.9477
5,2.180682,0.75,1.00,25.6466,37.2463,37.1071,2.9076
6,2.142643,0.75,1.00,25.3125,37.4137,37.2738,2.8569
7,2.097070,0.75,1.00,24.9082,37.6162,37.4756,2.7961
8,2.044497,0.75,1.00,24.4364,37.8526,37.7111,2.7260
9,1.985540,0.75,1.00,23.9001,38.1212,37.9787,2.6474
10,1.920890,0.75,1.00,23.3033,38.4202,38.2766,2.5612
11,1.851306,0.75,1.00,22.6503,38.7473,38.6024,2.4684
12,1.777604,0.75,1.00,21.9465,39.0998,38.9537,2.3701
13,1.700646,0.75,1.00,21.1978,39.4749,39.3273,2.2675
14,1.621336,0.75,1.00,20.4110,39.8690,39.7200,2.1618
15,1.540604,0.75,1.00,19.5938,40.2784,40.1278,2.0541
16,1.459396,0.75,1.00,18.7547,40.6987,40.5466,1.9459
17,1.378664,0.75,1.00,17.9029,41.1254,40.9717,1.8382
18,1.299354,0.75,1.00,17.0486,41.5534,41.3980,1.7325
19,1.222396,0.75,1.00,16.2025,41.9772,41.8203,1.6299
20,1.148694,0.75,1.00,15.3758,42.3914,42.2329,1.5316
21,1.079110,0.75,1.00,14.5801,42.7899,42.6300,1.4388
22,1.014460,0.75,1.00,13.8274,43.1670,43.0056,1.3526
23,0.955503,0.75,1.00,13.1293,43.5167,43.3540,1.2740
24,0.902930,0.75,1.00,12.4972,43.8333,43.6695,1.2039
25,0.857357,0.75,1.00,11.9418,44.1116,43.9467,1.1431
26,0.819318,0.75,1.00,11.4727,44.3465,44.1807,1.0924
27,0.789260,0.75,1.00,11.0986,44.5340,44.3675,1.0523
28,0.767535,0.75,1.00,10.8261,44.6704,44.5035,1.0234
29,0.754397,0.75,1.00,10.6606,44.7534,44.5861,1.0059
30,0.750000,0.75,1.00,10.6050,44.7812,44.6138,1.0000
